EDITION,YEAR,host,host_country_code,winner,WIN_LAT,WIN_LON,runner_up,RUP_LAT,RUP_LON,TEAMS,MATCHES,GOALS,AVERAGE_GOALS,AVERAGE_ATTENDANCE,TEAM_NAMES,Team Count,TEAM_LIST,TEAM_LIST,,,,,,,,,,,,,,,,,,,,,,,,,,,,,,,
1930 FIFA World Cup Uruguay ,1930,Uruguay,URY,Uruguay,-34.9011,-56.1645,Argentina,-34.6037,-58.3816,13,18,70,3.9,32808,"Belgium,France,Romania,Yugoslavia,Mexico,USA,Argentina,Bolivia,Brazil,Chile,Paraguay,Peru,Uruguay",12,"BEL,FRA,ROU,MEX,USA,ARG,BOL,BRA,CHL,PRY,PER,URY",BEL,FRA,ROU,MEX,USA,ARG,BOL,BRA,CHL,PRY,PER,URY,,,,,,,,,,,,,,,,,,,,
1934 FIFA World Cup Italy ,1934,Italy,ITA,Italy,41.9028,12.4964,Czechoslovakia,50.0755,14.4378,16,17,70,4.1,21352,"Egypt,Austria,Belgium,Czechoslovakia,France,Germany,Hungary,Italy,Netherlands,Romania,Spain,Sweden,Switzerland,USA,Argentina,Brazil",15,"EGY,AUT,BEL,FRA,DEU,HUN,ITA,NLD,ROU,ESP,SWE,CHE,USA,ARG,BRA",EGY,AUT,BEL,FRA,DEU,HUN,ITA,NLD,ROU,ESP,SWE,CHE,USA,ARG,BRA,,,,,,,,,,,,,,,,,
1938 FIFA World Cup France ,1938,France,FRA,Italy,41.9028,12.4964,Hungary,47.4979,19.0402,15,18,84,4.7,20872,"Dutch East Indies,Belgium,Czechoslovakia,France,Germany,Hungary,Italy,Netherlands,Norway,Poland,Romania,Sweden,Switzerland,Cuba,Brazil",13,"BEL,FRA,DEU,HUN,ITA,NLD,NOR,POL,ROU,SWE,CHE,CUB,BRA",BEL,FRA,DEU,HUN,ITA,NLD,NOR,POL,ROU,SWE,CHE,CUB,BRA,,,,,,,,,,,,,,,,,,,
1950 FIFA World Cup Brazil ,1950,Brazil,BRA,Uruguay,-34.9011,-56.1645,Brazil,-15.7942,-47.8822,13,22,88,4,47511,"England,Italy,Spain,Sweden,Switzerland,Yugoslavia,Mexico,USA,Bolivia,Brazil,Chile,Paraguay,Uruguay",12,"GBR,ITA,ESP,SWE,CHE,MEX,USA,BOL,BRA,CHL,PRY,URY",GBR,ITA,ESP,SWE,CHE,MEX,USA,BOL,BRA,CHL,PRY,URY,,,,,,,,,,,,,,,,,,,,
1954 FIFA World Cup Switzerland ,1954,Switzerland,CHE,Germany,52.52,13.405,Hungary,47.4979,19.0402,16,26,140,5.4,29561,"Korea Republic,Austria,Belgium,Czechoslovakia,England,France,Germany FR,Hungary,Italy,Scotland,Switzerland,Turkey,Yugoslavia,Mexico,Brazil,Uruguay",13,"KOR,AUT,BEL,GBR,FRA,DEU,HUN,ITA,CHE,TUR,MEX,BRA,URY",KOR,AUT,BEL,GBR,FRA,DEU,HUN,ITA,CHE,TUR,MEX,BRA,URY,,,,,,,,,,,,,,,,,,,
1958 FIFA World Cup Sweden ,1958,Sweden,SWE,Brazil,-15.7942,-47.8822,Sweden,59.3293,18.0686,16,35,126,3.6,23423,"Austria,Czechoslovakia,England,France,Germany FR,Hungary,Northern Ireland,Scotland,Soviet Union,Sweden,Wales,Yugoslavia,Mexico,Argentina,Brazil,Paraguay",11,"AUT,GBR,FRA,DEU,HUN,RUS,SWE,MEX,ARG,BRA,PRY",AUT,GBR,FRA,DEU,HUN,RUS,SWE,MEX,ARG,BRA,PRY,,,,,,,,,,,,,,,,,,,,,
1962 FIFA World Cup Chile ,1962,Chile,CHL,Brazil,-15.7942,-47.8822,Czechoslovakia,50.0755,14.4378,16,32,89,2.8,27911,"Bulgaria,Czechoslovakia,England,Germany FR,Hungary,Italy,Soviet Union,Spain,Switzerland,Yugoslavia,Mexico,Argentina,Brazil,Chile,Colombia,Uruguay",14,"BGR,GBR,DEU,HUN,ITA,RUS,ESP,CHE,MEX,ARG,BRA,CHL,COL,URY",BGR,GBR,DEU,HUN,ITA,RUS,ESP,CHE,MEX,ARG,BRA,CHL,COL,URY,,,,,,,,,,,,,,,,,,
1966 FIFA World Cup England ,1966,England,GBR,England,51.5074,-0.1278,Germany,52.52,13.405,16,32,89,2.8,48847,"Korea DPR,Bulgaria,England,France,Germany FR,Hungary,Italy,Portugal,Soviet Union,Spain,Switzerland,Mexico,Argentina,Brazil,Chile,Uruguay",16,"KOR,BGR,GBR,FRA,DEU,HUN,ITA,PRT,RUS,ESP,CHE,MEX,ARG,BRA,CHL,URY",KOR,BGR,GBR,FRA,DEU,HUN,ITA,PRT,RUS,ESP,CHE,MEX,ARG,BRA,CHL,URY,,,,,,,,,,,,,,,,
1970 FIFA World Cup Mexico ,1970,Mexico,MEX,Brazil,-15.7942,-47.8822,Italy,41.9028,12.4964,16,32,95,3,50124,"Morocco,Belgium,Bulgaria,Czechoslovakia,England,Germany FR,Israel,Italy,Romania,Soviet Union,Sweden,El Salvador,Mexico,Brazil,Peru,Uruguay",15,"MAR,BEL,BGR,GBR,DEU,ISR,ITA,ROU,RUS,SWE,SLV,MEX,BRA,PER,URY",MAR,BEL,BGR,GBR,DEU,ISR,ITA,ROU,RUS,SWE,SLV,MEX,BRA,PER,URY,,,,,,,,,,,,,,,,,
1974 FIFA World Cup Germany,1974,Germany,DEU,Germany,52.52,13.405,Netherlands,52.3702,4.8952,16,38,97,2.6,49098,"Zaire,Australia,Bulgaria,Germany,Italy,Netherlands,Poland,Scotland,Sweden,Yugoslavia,Haiti,Argentina,Brazil,Chile,Uruguay",12,"AUS,BGR,DEU,ITA,NLD,POL,SWE,HTI,ARG,BRA,CHL,URY",AUS,BGR,DEU,ITA,NLD,POL,SWE,HTI,ARG,BRA,CHL,URY,,,,,,,,,,,,,,,,,,,,
1978 FIFA World Cup Argentina ,1978,Argentina,ARG,Argentina,-34.6037,-58.3816,Netherlands,52.3702,4.8952,16,38,102,2.7,40678,"Tunisia,Iran,Austria,France,Germany FR,Hungary,Italy,Netherlands,Poland,Scotland,Spain,Sweden,Mexico,Argentina,Brazil,Peru",15,"TUN,IRN,AUT,FRA,DEU,HUN,ITA,NLD,POL,ESP,SWE,MEX,ARG,BRA,PER",TUN,IRN,AUT,FRA,DEU,HUN,ITA,NLD,POL,ESP,SWE,MEX,ARG,BRA,PER,,,,,,,,,,,,,,,,,
1982 FIFA World Cup Spain ,1982,Spain,ESP,Italy,41.9028,12.4964,Germany,52.52,13.405,24,52,146,2.8,40571,"Algeria,Cameroon,Kuwait,Austria,Belgium,Czechoslovakia,England,France,Germany FR,Hungary,Italy,Northern Ireland,Poland,Scotland,Soviet Union,Spain,Yugoslavia,El Salvador,Honduras,New Zealand,Argentina,Brazil,Chile,Peru",20,"DZA,CMR,KWT,AUT,BEL,GBR,FRA,DEU,HUN,ITA,POL,RUS,ESP,SLV,HND,NZL,ARG,BRA,CHL,PER",DZA,CMR,KWT,AUT,BEL,GBR,FRA,DEU,HUN,ITA,POL,RUS,ESP,SLV,HND,NZL,ARG,BRA,CHL,PER,,,,,,,,,,,,
1986 FIFA World Cup Mexico,1986,Mexico,MEX,Argentina,-34.6037,-58.3816,Germany,52.52,13.405,24,52,132,2.5,46039,"Algeria,Morocco,Iraq,Korea Republic,Belgium,Bulgaria,Denmark,England,France,Germany FR,Hungary,Italy,Northern Ireland,Poland,Portugal,Scotland,Soviet Union,Spain,Canada,Mexico,Argentina,Brazil,Paraguay,Uruguay",22,"DZA,MAR,IRQ,KOR,BEL,BGR,DNK,GBR,FRA,DEU,HUN,ITA,POL,PRT,RUS,ESP,CAN,MEX,ARG,BRA,PRY,URY",DZA,MAR,IRQ,KOR,BEL,BGR,DNK,GBR,FRA,DEU,HUN,ITA,POL,PRT,RUS,ESP,CAN,MEX,ARG,BRA,PRY,URY,,,,,,,,,,
1990 FIFA World Cup Italy ,1990,Italy,ITA,Germany,52.52,13.405,Argentina,-34.6037,-58.3816,24,52,115,2.2,48388,"Cameroon,Egypt,Korea Republic,United Arab Emirates,Austria,Belgium,Czechoslovakia,England,Germany FR,Italy,Netherlands,Republic of Ireland,Romania,Scotland,Soviet Union,Spain,Sweden,Yugoslavia,Costa Rica,USA,Argentina,Brazil,Colombia,Uruguay",20,"CMR,EGY,KOR,ARE,AUT,BEL,GBR,DEU,ITA,NLD,ROU,RUS,ESP,SWE,CRI,USA,ARG,BRA,COL,URY",CMR,EGY,KOR,ARE,AUT,BEL,GBR,DEU,ITA,NLD,ROU,RUS,ESP,SWE,CRI,USA,ARG,BRA,COL,URY,,,,,,,,,,,,
1994 FIFA World Cup USA ,1994,USA,USA,Brazil,-15.7942,-47.8822,Italy,41.9028,12.4964,24,52,141,2.7,68991,"Cameroon,Morocco,Nigeria,Korea Republic,Saudi Arabia,Belgium,Bulgaria,Germany,Greece,Italy,Netherlands,Norway,Republic of Ireland,Romania,Russia,Spain,Sweden,Switzerland,Mexico,USA,Argentina,Bolivia,Brazil,Colombia",23,"CMR,MAR,NGA,KOR,SAU,BEL,BGR,DEU,GRC,ITA,NLD,NOR,ROU,RUS,ESP,SWE,CHE,MEX,USA,ARG,BOL,BRA,COL",CMR,MAR,NGA,KOR,SAU,BEL,BGR,DEU,GRC,ITA,NLD,NOR,ROU,RUS,ESP,SWE,CHE,MEX,USA,ARG,BOL,BRA,COL,,,,,,,,,
1998 FIFA World Cup France ,1998,France,FRA,France,48.8566,2.3522,Brazil,-15.7942,-47.8822,32,64,171,2.7,43517,"Cameroon,Morocco,Nigeria,South Africa,Tunisia,Iran,Japan,Korea Republic,Saudi Arabia,Austria,Belgium,Bulgaria,Croatia,Denmark,England,France,Germany,Italy,Netherlands,Norway,Romania,Scotland,Spain,Yugoslavia,Jamaica,Mexico,USA,Argentina,Brazil,Chile,Colombia,Paraguay",30,"CMR,MAR,NGA,ZAF,TUN,IRN,JPN,KOR,SAU,AUT,BEL,BGR,HRV,DNK,GBR,FRA,DEU,ITA,NLD,NOR,ROU,ESP,JAM,MEX,USA,ARG,BRA,CHL,COL,PRY",CMR,MAR,NGA,ZAF,TUN,IRN,JPN,KOR,SAU,AUT,BEL,BGR,HRV,DNK,GBR,FRA,DEU,ITA,NLD,NOR,ROU,ESP,JAM,MEX,USA,ARG,BRA,CHL,COL,PRY,,
2002 FIFA World Cup Korea/Japan ,2002,Korea/Japan,KOR,Brazil,-15.7942,-47.8822,Germany,52.52,13.405,32,64,161,2.5,42268,"Cameroon,Nigeria,Senegal,South Africa,Tunisia,China PR,Japan,Korea Republic,Saudi Arabia,Belgium,Croatia,Denmark,England,France,Germany,Italy,Poland,Portugal,Republic of Ireland,Russia,Slovenia,Spain,Sweden,Turkey,Costa Rica,Mexico,USA,Argentina,Brazil,Ecuador,Paraguay,Uruguay",31,"CMR,NGA,SEN,ZAF,TUN,CHN,JPN,KOR,SAU,BEL,HRV,DNK,GBR,FRA,DEU,ITA,POL,PRT,RUS,SVN,ESP,SWE,TUR,CRI,MEX,USA,ARG,BRA,ECU,PRY,URY",CMR,NGA,SEN,ZAF,TUN,CHN,JPN,KOR,SAU,BEL,HRV,DNK,GBR,FRA,DEU,ITA,POL,PRT,RUS,SVN,ESP,SWE,TUR,CRI,MEX,USA,ARG,BRA,ECU,PRY,URY,
2006 FIFA World Cup Germany ,2006,Germany,DEU,Italy,41.9028,12.4964,France,48.8566,2.3522,32,64,147,2.3,52491,"Angola,Ghana,Ivory Coast,Togo,Tunisia,Australia,Iran,Japan,Korea Republic,Saudi Arabia,Croatia,Czech Republic,England,France,Germany,Italy,Netherlands,Poland,Portugal,Serbia and Montenegro,Spain,Sweden,Switzerland,Ukraine,Costa Rica,Mexico,Trinidad and Tobago,USA,Argentina,Brazil,Ecuador,Paraguay",30,"AGO,GHA,TGO,TUN,AUS,IRN,JPN,KOR,SAU,HRV,CZE,GBR,FRA,DEU,ITA,NLD,POL,PRT,ESP,SWE,CHE,UKR,CRI,MEX,TTO,USA,ARG,BRA,ECU,PRY",AGO,GHA,TGO,TUN,AUS,IRN,JPN,KOR,SAU,HRV,CZE,GBR,FRA,DEU,ITA,NLD,POL,PRT,ESP,SWE,CHE,UKR,CRI,MEX,TTO,USA,ARG,BRA,ECU,PRY,,
2010 FIFA World Cup South Africa ,2010,South Africa,ZAF,Spain,40.4168,-3.7038,Netherlands,52.3702,4.8952,32,64,145,2.3,49669,"Algeria,Cameroon,Ghana,Ivory Coast,Nigeria,South Africa,Australia,Japan,Korea DPR,Korea Republic,Denmark,England,France,Germany,Greece,Italy,Netherlands,Portugal,Serbia,Slovakia,Slovenia,Spain,Switzerland,Honduras,Mexico,USA,New Zealand,Argentina,Brazil,Chile,Paraguay,Uruguay",31,"DZA,CMR,GHA,NGA,ZAF,AUS,JPN,KOR,KOR,DNK,GBR,FRA,DEU,GRC,ITA,NLD,PRT,SRB,SVK,SVN,ESP,CHE,HND,MEX,USA,NZL,ARG,BRA,CHL,PRY,URY",DZA,CMR,GHA,NGA,ZAF,AUS,JPN,KOR,KOR,DNK,GBR,FRA,DEU,GRC,ITA,NLD,PRT,SRB,SVK,SVN,ESP,CHE,HND,MEX,USA,NZL,ARG,BRA,CHL,PRY,URY,
2014 FIFA World Cup Brazil,2014,Brazil,BRA,Germany,52.52,13.405,Argentina,-34.6037,-58.3816,32,64,171,2.7,52918,"Algeria,Cameroon,Cote d'Ivoire,Ghana,Nigeria,Australia,Iran,Japan,KoreaRepublic,Belgium,Bosnia, Herzegovina, Croatia,England,France,Germany,Greece,Italy,Netherlands, Portugal,Russia,Spain,Switzerland,Costa Rica,Honduras,Mexico,USA,Argentina,Brazil,Chile,Colombia,Ecuador,Uruguay",32,"DZA,CMR,CIV,GHA,NGA,AUS,IRN,JPN,KOR,BEL,BIH,HRV,GBR,FRA,DEU,GRC,ITA,NLD,PRT,RUS,ESP,CHE,CRI,HND,MEX,USA,ARG,BRA,CHL,COL,ECU,URY",DZA,CMR,CIV,GHA,NGA,AUS,IRN,JPN,KOR,BEL,BIH,HRV,GBR,FRA,DEU,GRC,ITA,NLD,PRT,RUS,ESP,CHE,CRI,HND,MEX,USA,ARG,BRA,CHL,COL,ECU,URY